209715200,100,10000,337
209715200,100,10000,282
209715200,100,10000,383
209715200,100,10000,228
209715200,100,10000,346
209715200,100,10000,401
209715200,100,10000,388
209715200,100,10000,229
209715200,100,10000,402
209715200,100,10000,262
209715200,100,10000,292
209715200,100,10000,233
209715200,100,10000,349
209715200,100,10000,272
209715200,100,10000,449
209715200,100,10000,357
209715200,100,10000,308
209715200,100,10000,306
209715200,100,10000,492
209715200,100,10000,254
209715200,100,10000,354
